{"train_loss": [7.487665272805384, 5.249725954360723, 4.618477043313293, 4.229042505022127, 3.95488825001313, 3.7339942562916435, 3.5429254777752868, 3.358470785505719, 3.185654090639192, 3.013067057588631, 2.8401058764293277, 2.665000774045723, 2.4916815532412273, 2.321146044873145, 2.1568439879013828, 1.9999175202883896, 1.8527787206688644, 1.7261421286947676, 1.6186281519997456, 1.5361877785207336], "val_loss": [5.716034168711078, 4.886573621765413, 4.437769273294678, 4.175126350004596, 4.001264775741237, 3.879534467105615, 3.7969167677896984, 3.7391739672399953, 3.7113451185817863, 3.7002246519378947, 3.718363514151556, 3.7588457423909603, 3.8142660550208407, 3.882207822415925, 3.9634874902097574, 4.0491923626125885, 4.139369406733424, 4.220426901914378, 4.285000249036052, 4.321641733157878], "val_perplexity": [303.6981160512954, 132.49880437033, 84.58604271680042, 65.04805796423743, 54.66724813641388, 48.40167725279968, 44.56357261513529, 42.06323020439983, 40.90879671715838, 40.456391946108184, 41.19692073627522, 42.89888103059823, 45.34346455910739, 48.5312452471876, 52.64058973936697, 57.351119427708966, 62.7632308969536, 68.06253411437636, 72.60256480040827, 75.31216933915397], "learning_rates": [0.00014981179422835633, 0.00029962358845671267, 0.00028340763443856224, 0.00026677347450543325, 0.00025013931457230427, 0.00023350515463917525, 0.00021687099470604624, 0.00020023683477291725, 0.0001836026748397882, 0.0001669685149066592, 0.0001503343549735302, 0.00013370019504040123, 0.00011706603510727221, 0.0001004318751741432, 8.37977152410142e-05, 6.71635553078852e-05, 5.052939537475619e-05, 3.389523544162719e-05, 1.726107550849819e-05, 6.269155753691836e-07], "tokens_per_second": [10195.632914019116, 9882.241180680317, 10070.932315851433, 9927.222487825093, 9988.989666872132, 10069.028158954876, 9963.06097125362, 10029.724532586763, 10018.840605964622, 10032.575050277206, 10078.456799733403, 10012.699383126112, 10005.73108305541, 9982.65791514158, 10050.803178017362, 9985.639114650105, 9993.38855199185, 10044.1352966827, 9949.639822548495, 9999.98244835524]}